{
  "sent": {
    "shape": [
      900000,
      2
    ],
    "dtype": "float32",
    "I_stats": {
      "mean": 3.142310333714704e-06,
      "std": 0.706999659538269,
      "min": -0.7070000171661377,
      "max": 0.7070000171661377
    },
    "Q_stats": {
      "mean": -0.001344871474429965,
      "std": 0.7069987654685974,
      "min": -0.7070000171661377,
      "max": 0.7070000171661377
    }
  },
  "received": {
    "shape": [
      900000,
      2
    ],
    "dtype": "float32",
    "I_stats": {
      "mean": 0.06319212913513184,
      "std": 0.7047155499458313,
      "min": -1.5760782957077026,
      "max": 1.6671760082244873
    },
    "Q_stats": {
      "mean": -0.05397624894976616,
      "std": 0.7043907046318054,
      "min": -1.8577183485031128,
      "max": 1.6664254665374756
    }
  },
  "normalization_factor": 0.9999999403953552,
  "EVM_percentage": 31.963342428207397,
  "EVM_dB": -9.906956553459167,
  "noise_power": 0.10213456302881241,
  "SNR_dB": 9.906956553459167,
  "samp_rate": 200000.0,
  "duration_s": 5.0
}