{
  "sent": {
    "shape": [
      900000,
      2
    ],
    "dtype": "float32",
    "I_stats": {
      "mean": 0.0015546348877251148,
      "std": 0.5777217149734497,
      "min": -1.0,
      "max": 0.999969482421875
    },
    "Q_stats": {
      "mean": 0.001466660643927753,
      "std": 0.577880859375,
      "min": -1.0,
      "max": 0.999969482421875
    }
  },
  "received": {
    "shape": [
      900000,
      2
    ],
    "dtype": "float32",
    "I_stats": {
      "mean": 0.016510803252458572,
      "std": 0.5773236155509949,
      "min": -1.2428582906723022,
      "max": 1.2543405294418335
    },
    "Q_stats": {
      "mean": 0.023386256769299507,
      "std": 0.577573299407959,
      "min": -1.2523092031478882,
      "max": 1.2689350843429565
    }
  },
  "normalization_factor": 1.0,
  "EVM_percentage": 12.88623958826065,
  "EVM_dB": -17.797476053237915,
  "noise_power": 0.011087720282375813,
  "SNR_dB": 17.797476053237915,
  "samp_rate": 200000.0,
  "duration_s": 5.0
}