{
  "sent": {
    "shape": [
      900000,
      2
    ],
    "dtype": "float32",
    "I_stats": {
      "mean": 0.0006827138131484389,
      "std": 0.5768288373947144,
      "min": -1.0,
      "max": 0.999969482421875
    },
    "Q_stats": {
      "mean": -0.0013650675537064672,
      "std": 0.5771463513374329,
      "min": -1.0,
      "max": 0.999969482421875
    }
  },
  "received": {
    "shape": [
      900000,
      2
    ],
    "dtype": "float32",
    "I_stats": {
      "mean": 0.06799422949552536,
      "std": 0.5740348100662231,
      "min": -1.720323920249939,
      "max": 1.7461299896240234
    },
    "Q_stats": {
      "mean": 0.034685567021369934,
      "std": 0.5748823285102844,
      "min": -1.6710864305496216,
      "max": 1.7551064491271973
    }
  },
  "normalization_factor": 0.9999998211860657,
  "EVM_percentage": 37.61982023715973,
  "EVM_dB": -8.491665720939636,
  "noise_power": 0.09423190355300903,
  "SNR_dB": 8.491665720939636,
  "samp_rate": 200000.0,
  "duration_s": 5.0
}