{
  "sent": {
    "shape": [
      900000,
      2
    ],
    "dtype": "float32",
    "I_stats": {
      "mean": 0.0001586822181707248,
      "std": 0.7069999575614929,
      "min": -0.7070000171661377,
      "max": 0.7070000171661377
    },
    "Q_stats": {
      "mean": 0.0008782513323239982,
      "std": 0.7069995403289795,
      "min": -0.7070000171661377,
      "max": 0.7070000171661377
    }
  },
  "received": {
    "shape": [
      900000,
      2
    ],
    "dtype": "float32",
    "I_stats": {
      "mean": -0.013312449678778648,
      "std": 0.7064604759216309,
      "min": -1.2142562866210938,
      "max": 1.1467969417572021
    },
    "Q_stats": {
      "mean": -0.036932919174432755,
      "std": 0.7064484357833862,
      "min": -1.235842227935791,
      "max": 1.1997612714767456
    }
  },
  "normalization_factor": 0.9999998807907104,
  "EVM_percentage": 16.21052324771881,
  "EVM_dB": -15.804059505462646,
  "noise_power": 0.026270145550370216,
  "SNR_dB": 15.804059505462646,
  "samp_rate": 200000.0,
  "duration_s": 5.0
}