{
  "sent": {
    "shape": [
      900000,
      2
    ],
    "dtype": "float32",
    "I_stats": {
      "mean": -0.0010652131168171763,
      "std": 0.7069991827011108,
      "min": -0.7070000171661377,
      "max": 0.7070000171661377
    },
    "Q_stats": {
      "mean": 0.0006441556615754962,
      "std": 0.706999659538269,
      "min": -0.7070000171661377,
      "max": 0.7070000171661377
    }
  },
  "received": {
    "shape": [
      900000,
      2
    ],
    "dtype": "float32",
    "I_stats": {
      "mean": -0.057924535125494,
      "std": 0.705686092376709,
      "min": -1.56020188331604,
      "max": 1.360392689704895
    },
    "Q_stats": {
      "mean": -0.012481086887419224,
      "std": 0.7058277726173401,
      "min": -1.4399312734603882,
      "max": 1.3868529796600342
    }
  },
  "normalization_factor": 1.0000001192092896,
  "EVM_percentage": 23.14375191926956,
  "EVM_dB": -12.711324691772461,
  "noise_power": 0.05354709550738335,
  "SNR_dB": 12.711324691772461,
  "samp_rate": 200000.0,
  "duration_s": 5.0
}