{
  "sent": {
    "shape": [
      4500000,
      2
    ],
    "dtype": "float32",
    "I_stats": {
      "mean": -0.0005732551799155772,
      "std": 0.5774983763694763,
      "min": -1.0,
      "max": 0.999969482421875
    },
    "Q_stats": {
      "mean": -0.0002206691715400666,
      "std": 0.5772995352745056,
      "min": -1.0,
      "max": 0.999969482421875
    }
  },
  "received": {
    "shape": [
      4500000,
      2
    ],
    "dtype": "float32",
    "I_stats": {
      "mean": 0.017255675047636032,
      "std": 0.5768646597862244,
      "min": -1.4058289527893066,
      "max": 1.4133187532424927
    },
    "Q_stats": {
      "mean": -0.034658197313547134,
      "std": 0.5766344666481018,
      "min": -1.4478449821472168,
      "max": 1.4084333181381226
    }
  },
  "normalization_factor": 1.0000003576278687,
  "EVM_percentage": 19.049149751663208,
  "EVM_dB": -14.402488470077515,
  "noise_power": 0.02419542893767357,
  "SNR_dB": 14.402488470077515,
  "samp_rate": 200000.0,
  "duration_s": 25.0
}