{
  "sent": {
    "shape": [
      900000,
      2
    ],
    "dtype": "float32",
    "I_stats": {
      "mean": -0.0006389166810549796,
      "std": 0.5777714848518372,
      "min": -1.0,
      "max": 0.999969482421875
    },
    "Q_stats": {
      "mean": -0.00026317976880818605,
      "std": 0.5769754648208618,
      "min": -1.0,
      "max": 0.999969482421875
    }
  },
  "received": {
    "shape": [
      900000,
      2
    ],
    "dtype": "float32",
    "I_stats": {
      "mean": -0.026026403531432152,
      "std": 0.5763338208198547,
      "min": -1.5649300813674927,
      "max": 1.5816327333450317
    },
    "Q_stats": {
      "mean": -0.04712007939815521,
      "std": 0.575901448726654,
      "min": -1.6078959703445435,
      "max": 1.4796453714370728
    }
  },
  "normalization_factor": 0.9999998807907104,
  "EVM_percentage": 26.184353232383728,
  "EVM_dB": -11.639163494110107,
  "noise_power": 0.04571174085140228,
  "SNR_dB": 11.639163494110107,
  "samp_rate": 200000.0,
  "duration_s": 5.0
}