{
  "sent": {
    "shape": [
      4500000,
      2
    ],
    "dtype": "float32",
    "I_stats": {
      "mean": -7.111534068826586e-05,
      "std": 0.5772916078567505,
      "min": -1.0,
      "max": 0.999969482421875
    },
    "Q_stats": {
      "mean": -0.0008186912164092064,
      "std": 0.5773866176605225,
      "min": -1.0,
      "max": 0.999969482421875
    }
  },
  "received": {
    "shape": [
      4500000,
      2
    ],
    "dtype": "float32",
    "I_stats": {
      "mean": 0.042361896485090256,
      "std": 0.5745649337768555,
      "min": -1.9051622152328491,
      "max": 1.9869674444198608
    },
    "Q_stats": {
      "mean": 0.06643103063106537,
      "std": 0.574724555015564,
      "min": -1.820931077003479,
      "max": 1.8442585468292236
    }
  },
  "normalization_factor": 1.000000238418579,
  "EVM_percentage": 38.39614391326904,
  "EVM_dB": -8.314247727394104,
  "noise_power": 0.09828048199415207,
  "SNR_dB": 8.314247131347656,
  "samp_rate": 200000.0,
  "duration_s": 25.0
}