{
  "sent": {
    "shape": [
      900000,
      2
    ],
    "dtype": "float32",
    "I_stats": {
      "mean": -0.0013703653821721673,
      "std": 0.5775021314620972,
      "min": -1.0,
      "max": 0.999969482421875
    },
    "Q_stats": {
      "mean": 0.00012764823623001575,
      "std": 0.576927900314331,
      "min": -1.0,
      "max": 0.999969482421875
    }
  },
  "received": {
    "shape": [
      900000,
      2
    ],
    "dtype": "float32",
    "I_stats": {
      "mean": -0.01231323555111885,
      "std": 0.5774092078208923,
      "min": -1.1254769563674927,
      "max": 1.101058006286621
    },
    "Q_stats": {
      "mean": -7.316742994589731e-05,
      "std": 0.5768911838531494,
      "min": -1.0984529256820679,
      "max": 1.113771677017212
    }
  },
  "normalization_factor": 1.0000001192092896,
  "EVM_percentage": 6.158730760216713,
  "EVM_dB": -24.210176467895508,
  "noise_power": 0.0025274876970797777,
  "SNR_dB": 24.210176467895508,
  "samp_rate": 200000.0,
  "duration_s": 5.0
}