{
  "sent": {
    "shape": [
      4500000,
      2
    ],
    "dtype": "float32",
    "I_stats": {
      "mean": -0.0005416027270257473,
      "std": 0.577026903629303,
      "min": -1.0,
      "max": 0.999969482421875
    },
    "Q_stats": {
      "mean": -0.00018626937526278198,
      "std": 0.5773953795433044,
      "min": -1.0,
      "max": 0.999969482421875
    }
  },
  "received": {
    "shape": [
      4500000,
      2
    ],
    "dtype": "float32",
    "I_stats": {
      "mean": 0.006358528044074774,
      "std": 0.5769971609115601,
      "min": -1.1188877820968628,
      "max": 1.1359409093856812
    },
    "Q_stats": {
      "mean": -0.008304120041429996,
      "std": 0.5773310661315918,
      "min": -1.1415210962295532,
      "max": 1.1391448974609375
    }
  },
  "normalization_factor": 1.0,
  "EVM_percentage": 6.088601425290108,
  "EVM_dB": -24.30964946746826,
  "noise_power": 0.002470215782523155,
  "SNR_dB": 24.30964946746826,
  "samp_rate": 200000.0,
  "duration_s": 25.0
}