{
  "sent": {
    "shape": [
      4500000,
      2
    ],
    "dtype": "float32",
    "I_stats": {
      "mean": -0.00017973508511204273,
      "std": 0.7069994211196899,
      "min": -0.7070000171661377,
      "max": 0.7070000171661377
    },
    "Q_stats": {
      "mean": 0.00026960225659422576,
      "std": 0.7069995403289795,
      "min": -0.7070000171661377,
      "max": 0.7070000171661377
    }
  },
  "received": {
    "shape": [
      4500000,
      2
    ],
    "dtype": "float32",
    "I_stats": {
      "mean": 0.014650514349341393,
      "std": 0.7068997621536255,
      "min": -0.9404358267784119,
      "max": 0.9494900107383728
    },
    "Q_stats": {
      "mean": -0.00809395406395197,
      "std": 0.7069007754325867,
      "min": -0.9502003788948059,
      "max": 0.932411253452301
    }
  },
  "normalization_factor": 0.9999997615814209,
  "EVM_percentage": 7.235854119062424,
  "EVM_dB": -22.810204029083252,
  "noise_power": 0.005234162788838148,
  "SNR_dB": 22.810204029083252,
  "samp_rate": 200000.0,
  "duration_s": 25.0
}