{
  "sent": {
    "shape": [
      900000,
      2
    ],
    "dtype": "float32",
    "I_stats": {
      "mean": 8.522407006239519e-05,
      "std": 0.5775429010391235,
      "min": -1.0,
      "max": 0.999969482421875
    },
    "Q_stats": {
      "mean": -4.989338412997313e-05,
      "std": 0.5772484540939331,
      "min": -1.0,
      "max": 0.999969482421875
    }
  },
  "received": {
    "shape": [
      900000,
      2
    ],
    "dtype": "float32",
    "I_stats": {
      "mean": -0.02660156972706318,
      "std": 0.5768311619758606,
      "min": -1.4540660381317139,
      "max": 1.324767827987671
    },
    "Q_stats": {
      "mean": -0.02958865649998188,
      "std": 0.5765887498855591,
      "min": -1.4600244760513306,
      "max": 1.4004491567611694
    }
  },
  "normalization_factor": 1.0,
  "EVM_percentage": 19.21580731868744,
  "EVM_dB": -14.32682752609253,
  "noise_power": 0.02462036907672882,
  "SNR_dB": 14.32682752609253,
  "samp_rate": 200000.0,
  "duration_s": 5.0
}