{
  "sent": {
    "shape": [
      900000,
      2
    ],
    "dtype": "float32",
    "I_stats": {
      "mean": 0.00015082686149980873,
      "std": 0.7069999575614929,
      "min": -0.7070000171661377,
      "max": 0.7070000171661377
    },
    "Q_stats": {
      "mean": -0.0002450933388900012,
      "std": 0.7069999575614929,
      "min": -0.7070000171661377,
      "max": 0.7070000171661377
    }
  },
  "received": {
    "shape": [
      900000,
      2
    ],
    "dtype": "float32",
    "I_stats": {
      "mean": 0.013490559533238411,
      "std": 0.7068656086921692,
      "min": -0.9020515084266663,
      "max": 0.9512296319007874
    },
    "Q_stats": {
      "mean": 0.010655430145561695,
      "std": 0.7069247364997864,
      "min": -0.9166358709335327,
      "max": 0.9231607913970947
    }
  },
  "normalization_factor": 0.9999998807907104,
  "EVM_percentage": 7.80797079205513,
  "EVM_dB": -22.14923620223999,
  "noise_power": 0.006094593089073896,
  "SNR_dB": 22.14923620223999,
  "samp_rate": 200000.0,
  "duration_s": 5.0
}