{
  "sent": {
    "shape": [
      4500000,
      2
    ],
    "dtype": "float32",
    "I_stats": {
      "mean": 0.00023849456920288503,
      "std": 0.7069995403289795,
      "min": -0.7070000171661377,
      "max": 0.7070000171661377
    },
    "Q_stats": {
      "mean": 5.090404374641366e-05,
      "std": 0.7069990634918213,
      "min": -0.7070000171661377,
      "max": 0.7070000171661377
    }
  },
  "received": {
    "shape": [
      4500000,
      2
    ],
    "dtype": "float32",
    "I_stats": {
      "mean": -0.034141670912504196,
      "std": 0.7045770287513733,
      "min": -1.774280309677124,
      "max": 1.6620440483093262
    },
    "Q_stats": {
      "mean": 0.07391130924224854,
      "std": 0.7047255635261536,
      "min": -1.6199554204940796,
      "max": 1.8589534759521484
    }
  },
  "normalization_factor": 1.0,
  "EVM_percentage": 31.85710310935974,
  "EVM_dB": -9.935874342918396,
  "noise_power": 0.10145656764507294,
  "SNR_dB": 9.935874938964844,
  "samp_rate": 200000.0,
  "duration_s": 25.0
}